id,name,age,state,salty,spicy,sweet,%match
1,Hamlen,55,North Carolina,8,8,9,100
2,Hersch,25,Colorado,6,10,5,1
3,Nora,56,Alabama,4,9,4,98
4,Katya,28,Texas,5,4,10,85
5,Archer,70,Oregon,8,3,2,65
6,Harlin,45,District of Columbia,9,2,9,82
7,Ricki,60,Florida,9,7,5,99
8,Pandora,50,Kansas,1,4,10,21
9,Silvain,70,Washington,9,5,2,86
10,Nomi,51,California,10,8,4,45
11,Tommie,54,New York,6,1,5,54
12,Gaylor,42,California,3,10,3,71
13,Gene,31,New York,10,7,4,48
14,Haze,69,California,7,1,2,62
15,Merralee,39,North Carolina,7,9,6,28
16,Arlyne,53,Mississippi,9,9,9,77
17,Rosa,58,Florida,8,10,4,11
18,Irwinn,32,Montana,2,3,3,96
19,Filmer,37,Florida,1,10,2,6
20,Jeffry,31,Florida,1,7,5,89
21,Enrique,68,Arizona,3,2,3,24
22,Raimund,26,Georgia,8,8,1,91
23,Ashlan,26,North Carolina,10,6,8,6
24,Saba,29,Texas,9,5,5,86
25,Uriah,64,Texas,4,2,3,86
26,Myrta,52,California,6,6,4,63
27,Noella,35,Washington,7,2,7,81
28,Catie,29,South Carolina,5,7,9,56
29,Barb,27,Indiana,3,10,7,77
30,Sherrie,49,Texas,1,10,4,85
31,Carmina,41,South Dakota,6,1,1,95
32,Wynne,37,District of Columbia,2,9,6,47
33,Sally,42,Arizona,8,7,3,55
34,Larisa,45,Virginia,9,2,3,45
35,Grayce,53,Alabama,3,4,6,79
36,Alica,25,Alaska,2,1,10,92
37,Trev,68,Colorado,3,7,7,58
38,Vern,62,Texas,8,4,9,5
39,My,63,Virginia,3,2,6,42
40,Kippie,66,Connecticut,10,5,2,16
41,Crystal,36,New York,4,7,1,90
42,Gardner,38,West Virginia,3,9,3,99
43,Torrey,63,Utah,3,8,6,67
44,Stefa,68,Louisiana,3,5,6,26
45,Rowe,54,Minnesota,7,2,1,84
46,Derby,40,Texas,8,5,2,74
47,Adriana,62,Georgia,8,4,1,49
48,Shalom,27,Texas,7,5,5,70
49,Lianna,51,Kentucky,5,3,4,11
50,Birgit,36,Oklahoma,9,7,7,64
51,Farlay,62,Illinois,4,1,1,38
52,Sloan,35,Colorado,4,5,6,94
53,Marje,38,Texas,2,6,7,59
54,Pauli,55,Mississippi,1,6,4,20
55,Leonore,35,New York,4,7,1,75
56,Kaylil,27,Louisiana,9,7,5,68
57,Lorelle,48,Colorado,2,5,9,7
58,Harmony,42,Illinois,3,3,4,95
59,Jacquette,32,Virginia,1,6,1,24
60,Leo,53,New York,3,5,7,61
61,Leighton,57,Texas,4,3,9,60
62,Lavina,33,Texas,5,2,6,32
63,Billye,25,New York,2,10,1,25
64,Perry,62,North Carolina,1,2,9,55
65,Bailey,45,California,3,5,8,57
66,Shae,40,Illinois,10,8,9,44
67,Rickey,30,Ohio,3,5,6,7
68,Rozelle,55,New York,5,7,5,72
69,Pauly,26,Florida,2,3,8,3
70,Brew,32,Montana,1,5,1,14
71,Gretta,39,Missouri,7,9,10,38
72,Beryle,27,Arizona,4,2,10,5
73,Duke,39,Ohio,6,4,4,1
74,Lynnet,54,Florida,9,5,8,75
75,Chrotoem,50,Connecticut,6,7,9,48
76,Myles,44,New York,6,8,5,64
77,Anitra,37,New Jersey,6,5,6,21
78,Grissel,28,Virginia,5,8,10,70
79,Amie,54,Kansas,3,9,6,36
80,Dallis,42,California,4,2,2,65
81,Evangelin,68,Florida,6,3,5,29
82,Amory,61,California,4,2,6,58
83,Bartie,26,Kentucky,1,3,5,2
84,Stephannie,34,Illinois,5,3,3,12
85,Jason,65,Colorado,1,8,4,34
86,Tedie,32,Indiana,4,3,2,100
87,Torey,49,Ohio,1,2,10,56
88,Libbi,54,Ohio,4,6,7,61
89,Livia,45,South Carolina,2,8,8,32
90,Zorana,31,New York,9,6,7,75
91,Joeann,26,Kentucky,4,8,4,48
92,Arvy,31,Kansas,7,10,1,32
93,Brew,33,Texas,1,6,8,54
94,Rikki,26,New Hampshire,7,5,1,89
95,Arne,60,Florida,9,8,1,15
96,Kaitlynn,57,Florida,9,1,5,29
97,Frederik,29,New Mexico,4,4,8,2
98,Frederique,50,District of Columbia,10,9,7,12
99,Danit,60,California,8,1,2,86
100,Sondra,66,Washington,8,8,4,70
101,Romy,48,South Carolina,5,2,10,70
102,Rosaline,61,Ohio,8,1,7,93
103,Tomaso,38,Pennsylvania,4,5,6,31
104,Vinnie,58,New Jersey,3,2,9,65
105,Karmen,53,Indiana,3,4,2,80
106,Ransell,68,Pennsylvania,2,3,3,74
107,Lacie,34,Texas,4,8,1,57
108,Betteann,30,New Mexico,6,2,4,6
109,Aleta,70,Pennsylvania,3,10,5,46
110,Eli,68,Iowa,1,4,7,14
111,Loralyn,46,Wisconsin,10,4,9,38
112,Hilde,29,Nevada,8,1,4,61
113,Alis,40,Florida,10,5,6,71
114,Lexy,67,Florida,1,6,4,12
115,Cori,38,Tennessee,7,5,10,47
116,Marcia,48,Florida,7,4,4,2
117,Cayla,26,Wisconsin,6,3,8,49
118,Ker,68,Iowa,9,5,6,86
119,Cornelia,35,Florida,1,9,2,97
120,Fae,68,Nebraska,3,9,8,2
121,Corinne,58,District of Columbia,3,6,10,34
122,Darnell,35,Washington,5,6,4,46
123,Romeo,53,Arizona,8,5,1,45
124,Stanislaus,53,Texas,4,9,2,76
125,Dal,53,Kansas,5,2,2,42
126,Geordie,67,Rhode Island,3,8,9,41
127,Kaela,54,Ohio,7,8,10,93
128,Tatum,56,Florida,8,1,10,43
129,Gerard,34,Colorado,2,5,6,8
130,Seline,38,Louisiana,5,6,7,55
131,Garvy,35,New Hampshire,9,7,3,76
132,Vernen,55,Nevada,6,4,3,27
133,Denis,63,Michigan,7,3,3,64
134,Duane,45,Nevada,5,5,8,8
135,Kurtis,51,Hawaii,3,8,8,28
136,Rolando,46,Arizona,6,4,3,39
137,Marina,66,Texas,7,7,9,31
138,Malinde,52,Texas,6,3,5,79
139,Berkley,31,Texas,7,6,9,81
140,Melva,58,West Virginia,10,7,10,10
141,Chiquia,48,California,2,1,5,23
142,Lorri,62,Tennessee,2,5,9,46
143,Kaile,54,Nevada,9,6,4,77
144,Warde,35,Alabama,10,10,4,93
145,Lavina,26,Connecticut,8,2,7,55
146,Hewet,42,California,3,8,8,34
147,Dyanna,56,Kentucky,1,8,3,80
148,Lorelle,46,Massachusetts,5,4,7,94
149,Anett,59,Arizona,1,3,1,61
150,Carmina,32,Washington,8,7,1,32
151,Karalee,45,New York,6,1,10,74
152,Udell,39,Colorado,8,3,4,77
153,Sibel,38,California,5,3,4,83
154,Lorita,51,California,5,7,7,7
155,Estell,49,California,2,10,4,11
156,Danni,62,Florida,6,10,8,61
157,Mehetabel,55,California,9,2,3,53
158,Kamillah,43,West Virginia,1,7,5,60
159,Etty,41,California,7,4,8,74
160,Gerald,44,New Jersey,5,2,4,3
161,Rhody,54,Ohio,7,2,9,65
162,Eugine,46,Georgia,3,6,10,61
163,Correna,44,Nebraska,7,9,1,94
164,Bennett,67,Florida,7,6,9,61
165,Marcello,41,New York,2,1,8,94
166,Barry,56,Arizona,7,3,8,9
167,Iorgo,30,Florida,3,3,2,9
168,Anna-maria,34,Pennsylvania,8,6,6,100
169,Mikaela,29,Virginia,4,9,6,98
170,Sadella,66,New York,8,9,4,45
171,Terrie,43,Texas,6,5,5,59
172,Tove,66,California,6,3,7,23
173,Marita,34,Indiana,6,8,1,39
174,Martita,31,New Mexico,5,8,7,29
175,Renault,43,Florida,5,2,7,91
176,Carlin,40,Ohio,5,2,8,9
177,Teirtza,51,Florida,6,7,5,56
178,Darleen,65,California,9,7,2,34
179,Ula,34,Georgia,7,2,1,28
180,Eada,70,Indiana,8,10,4,25
181,Ad,46,Pennsylvania,9,3,8,58
182,Russ,53,Florida,10,3,9,49
183,Amye,66,New York,10,1,1,30
184,Jeniece,61,Wisconsin,4,4,9,97
185,Arnaldo,64,California,3,7,9,8
186,Hildagard,66,New Jersey,8,2,5,9
187,Billi,56,Texas,3,8,2,25
188,Diena,67,Alabama,3,1,5,88
189,Huey,67,Nevada,10,3,4,8
190,Goraud,46,North Carolina,3,4,1,64
191,Leanora,63,Colorado,10,2,1,39
192,Marjy,57,Arizona,3,6,7,88
193,Ainsley,42,Oregon,6,10,5,14
194,Aluin,56,North Carolina,2,3,2,24
195,Even,49,Hawaii,4,10,3,3
196,Marco,33,Utah,10,9,5,11
197,Di,51,New York,5,6,5,98
198,Roseline,53,North Carolina,1,10,2,10
199,Yancy,37,Georgia,6,7,10,22
200,Anton,31,Mississippi,3,8,3,81
201,Lorenzo,60,Mississippi,1,10,9,21
202,Denise,49,Texas,2,1,7,94
203,Vinni,63,Georgia,3,5,8,42
204,Abbie,69,Hawaii,8,6,1,88
205,Emmit,30,Massachusetts,3,7,6,30
206,Eugine,68,California,1,9,3,29
207,Rutledge,58,Nevada,2,3,9,17
208,Melanie,47,Illinois,1,9,6,99
209,Salem,28,California,4,3,4,93
210,Julita,62,Texas,10,7,5,21
211,Calla,50,Pennsylvania,7,1,7,95
212,Kamilah,57,Connecticut,10,2,2,39
213,Coreen,51,Florida,9,9,6,24
214,Stacee,32,Ohio,3,9,9,48
215,Petronille,29,Tennessee,8,10,1,63
216,Maximilian,66,Louisiana,3,8,1,55
217,Grantham,68,South Carolina,3,4,9,41
218,Donovan,36,Texas,5,2,2,90
219,Clair,52,Illinois,6,4,2,13
220,Jeralee,67,Florida,2,2,3,4
221,Eirena,50,Kentucky,8,8,6,18
222,Jamil,25,New Jersey,10,7,3,78
223,Hayyim,29,California,10,9,10,45
224,Phillie,54,Missouri,10,8,5,6
225,Aurea,48,Oklahoma,9,3,8,71
226,Donnamarie,69,Arkansas,9,2,1,78
227,Richie,36,Missouri,1,8,8,57
228,Angela,53,Pennsylvania,8,7,8,29
229,Koenraad,29,Texas,10,3,9,31
230,Pearce,52,Minnesota,5,6,7,18
231,Roshelle,28,Wisconsin,3,9,3,49
232,Ramsay,64,Michigan,8,3,7,71
233,Mathias,39,Oklahoma,6,2,5,74
234,Lelah,67,Texas,7,10,10,84
235,Nerty,42,Florida,8,1,2,38
236,Jeanie,49,Texas,7,9,3,89
237,Delainey,46,Pennsylvania,3,7,4,12
238,Neale,70,Georgia,1,3,3,88
239,Tallou,29,Oklahoma,5,9,3,47
240,Gardener,33,Washington,4,9,5,35
241,Jess,44,California,8,10,4,86
242,Myrilla,40,Connecticut,7,1,5,20
243,Evan,62,Texas,4,9,7,84
244,Linzy,32,New Mexico,10,5,3,73
245,Skell,63,Illinois,1,2,6,21
246,Claire,54,Georgia,9,5,3,5
247,Rodge,48,Louisiana,6,8,3,82
248,Sutherland,70,Washington,4,7,10,29
249,Elberta,51,New York,8,5,1,32
250,Putnem,27,Michigan,2,7,7,93
251,Barth,35,District of Columbia,6,1,1,57
252,Gratia,63,Texas,6,3,2,44
253,Val,56,New Jersey,4,4,10,31
254,Clarette,56,Georgia,4,2,4,94
255,Fidole,26,Ohio,6,10,5,33
256,Laverne,47,Texas,9,6,6,58
257,Hobey,55,Texas,7,1,3,82
258,Nikolaus,39,Pennsylvania,4,2,4,90
259,Johann,25,West Virginia,10,10,10,16
260,Bryce,38,California,8,4,1,38
261,Sabine,69,Illinois,8,2,2,10
262,Eugine,48,New York,7,8,4,22
263,Melantha,37,Alabama,9,9,3,94
264,Jasper,57,Pennsylvania,6,3,9,14
265,Benton,44,Texas,6,6,5,32
266,Barrie,56,Texas,2,10,8,65
267,Alonzo,43,Oklahoma,7,10,3,25
268,Annalee,61,Oklahoma,4,8,3,24
269,Andie,37,Oregon,7,7,4,37
270,Lucina,35,Tennessee,10,4,9,38
271,Cos,58,Missouri,9,4,3,18
272,Serena,28,New Jersey,8,6,7,10
273,Marcellina,43,Minnesota,8,1,6,96
274,Lexie,29,Georgia,2,2,9,32
275,Silas,42,Louisiana,2,9,6,3
276,Zita,60,Tennessee,4,6,9,78
277,Niles,47,Washington,10,10,5,79
278,Lyle,55,Texas,9,9,5,48
279,Guthrie,57,Alabama,6,4,7,90
280,Brigitte,60,Colorado,2,9,3,4
281,Tarra,31,Ohio,2,5,9,76
282,Kippy,51,Nevada,4,3,10,81
283,Mabel,49,District of Columbia,9,6,8,98
284,Daisey,25,California,4,8,8,1
285,Melina,68,Louisiana,6,4,5,67
286,Dorri,55,Indiana,1,10,6,63
287,Locke,64,Alabama,4,8,2,27
288,Corena,45,California,1,6,5,98
289,Alden,29,Arizona,8,7,8,39
290,Torrin,29,Wisconsin,2,9,1,7
291,Adena,64,Virginia,3,8,3,81
292,Jeffie,59,Louisiana,5,5,7,34
293,Hewe,26,Oklahoma,7,7,10,43
294,Moll,49,Florida,10,1,6,59
295,Chryste,70,South Carolina,7,8,10,61
296,Obed,43,Indiana,6,6,4,35
297,Babette,51,Arizona,4,6,8,43
298,Yank,36,Virginia,2,4,7,40
299,Wain,54,California,1,7,2,95
300,Irwin,36,Indiana,4,7,8,62
301,Griffy,64,Texas,9,2,9,50
302,Bettina,52,Illinois,5,4,6,76
303,Maxy,56,Nevada,3,1,8,81
304,Aguie,56,Alabama,4,7,9,20
305,Samuele,25,North Carolina,10,6,3,24
306,Mackenzie,27,Minnesota,2,4,8,64
307,Lindon,41,Michigan,2,9,1,74
308,Kalina,32,Alabama,5,2,4,99
309,Abbi,35,Florida,9,5,10,2
310,Tabbie,28,New York,9,4,4,85
311,Katie,56,Georgia,5,5,2,61
312,Virginie,46,Wisconsin,1,2,7,24
313,Kellina,53,Massachusetts,3,8,7,89
314,Catharine,62,Florida,8,8,4,65
315,Bax,70,Washington,2,9,5,59
316,Garth,58,Pennsylvania,7,10,3,86
317,Theo,42,Missouri,6,8,6,23
318,Berton,67,Pennsylvania,5,9,5,35
319,April,32,New York,1,9,2,81
320,Lou,70,Georgia,2,6,7,50
321,Reese,45,Massachusetts,10,6,5,65
322,Ingrim,41,Michigan,2,10,5,50
323,Mercy,44,Illinois,1,9,4,31
324,Nikolaus,39,Colorado,5,7,3,58
325,Bradley,50,California,5,5,8,4
326,Anna-diane,49,Connecticut,4,5,6,12
327,Wildon,56,Georgia,9,7,3,73
328,Averell,58,California,9,3,9,16
329,Grant,56,Texas,9,6,6,85
330,Kelley,53,District of Columbia,9,10,1,52
331,Gracia,37,District of Columbia,1,7,7,67
332,Terrye,35,District of Columbia,2,5,3,34
333,Jacquenette,53,Oklahoma,8,5,2,56
334,Karine,27,Kansas,7,1,10,78
335,Delia,57,Texas,8,10,1,31
336,Geralda,60,Arizona,6,9,6,72
337,Donnajean,30,Rhode Island,10,8,7,63
338,Merissa,63,Kentucky,4,1,6,83
339,Justinn,44,Texas,2,9,7,10
340,Fonzie,59,New York,3,3,8,46
341,Irvine,54,New York,1,4,1,68
342,Beverlie,53,Texas,4,4,6,33
343,Suzanne,33,Minnesota,3,6,4,23
344,Fey,31,California,5,3,4,16
345,Ilka,42,Minnesota,3,6,2,34
346,Tuckie,48,Georgia,1,6,8,81
347,Bethena,44,Utah,3,6,7,96
348,Desmond,27,Washington,9,1,5,65
349,Jacquelynn,25,California,1,5,6,70
350,Teresa,65,Arizona,4,5,10,29
351,Crystal,59,District of Columbia,3,5,5,30
352,Hilarius,43,California,9,3,5,12
353,Madelyn,42,Virginia,3,9,3,60
354,Zorah,25,California,1,5,4,66
355,Theadora,38,California,7,6,1,58
356,Donnell,48,Washington,3,4,2,59
357,Amie,45,Texas,3,1,9,1
358,Jasmine,31,Rhode Island,6,8,8,98
359,Nobie,28,Michigan,10,5,10,25
360,Lief,50,South Carolina,6,5,10,34
361,Gerri,44,Texas,1,10,3,29
362,Johanna,27,California,4,10,9,50
363,Kellie,38,Pennsylvania,6,5,10,45
364,Samaria,38,Texas,5,9,10,53
365,Christy,61,Maryland,5,5,7,9
366,Cassandra,38,Florida,7,9,5,72
367,Karon,31,New Hampshire,6,1,10,38
368,Millicent,65,Tennessee,1,1,3,18
369,Ignaz,37,Iowa,3,9,10,84
370,Ulrica,61,Pennsylvania,3,6,1,75
371,Libbie,67,Illinois,2,10,4,89
372,Ulrike,30,California,2,6,10,9
373,Brandyn,60,Alabama,6,10,3,14
374,Etty,65,Pennsylvania,9,4,1,26
375,Fredericka,70,Pennsylvania,3,4,10,65
376,Cheri,48,Ohio,7,8,9,47
377,Enid,54,Arizona,1,4,1,13
378,Clifford,30,Florida,5,1,1,64
379,Prentiss,45,Florida,1,3,2,79
380,Arabella,66,Wisconsin,5,5,7,78
381,Milli,47,Pennsylvania,8,5,7,61
382,Tore,48,California,6,2,5,8
383,Cody,65,Florida,9,5,1,86
384,Elise,42,Connecticut,6,8,3,85
385,Tawnya,50,Missouri,4,7,6,2
386,Grayce,38,Minnesota,9,4,5,61
387,Nikita,33,Illinois,5,1,8,100
388,Baxy,56,Idaho,1,2,3,43
389,Darlleen,66,Minnesota,4,2,10,65
390,Guinevere,57,Kentucky,3,6,8,80
391,Jarib,34,Pennsylvania,6,2,3,41
392,Phebe,68,Ohio,2,8,7,34
393,Lionel,61,South Carolina,7,7,2,7
394,Cynthie,44,Texas,9,8,7,54
395,Heather,43,Illinois,6,10,3,79
396,Evy,57,Texas,7,5,5,12
397,Suzi,42,Florida,3,6,4,97
398,Linea,46,Texas,3,8,10,23
399,Northrup,65,Illinois,4,6,8,26
400,Lizabeth,26,California,9,4,3,94
401,Agna,27,North Carolina,1,2,7,46
402,Tracee,52,Ohio,1,10,7,53
403,Antonella,49,Minnesota,1,2,5,62
404,Marius,36,District of Columbia,5,7,7,46
405,Johan,52,District of Columbia,8,7,2,45
406,Kinna,28,California,2,2,3,6
407,Grete,34,Georgia,6,9,3,7
408,Witty,51,Pennsylvania,3,9,7,15
409,Sophi,66,Texas,8,8,3,79
410,Lishe,37,Florida,5,9,4,40
411,Courtenay,39,Illinois,6,10,1,54
412,Gil,31,Texas,9,3,2,66
413,Orran,65,Missouri,7,6,6,67
414,Dionis,53,Alaska,7,6,4,97
415,Ber,38,Washington,4,8,4,12
416,Jenn,60,Texas,8,4,6,68
417,Jedidiah,29,Kansas,5,4,1,60
418,Rafa,61,Missouri,8,2,1,86
419,Wylma,65,Florida,4,3,4,52
420,Domingo,35,Florida,2,6,6,58
421,Bria,50,Texas,9,3,2,27
422,Gerri,68,Texas,4,5,10,43
423,Eldin,49,Florida,9,5,4,12
424,Way,58,Texas,2,5,7,76
425,Wenda,33,Washington,6,7,7,7
426,Cassie,32,Massachusetts,5,10,6,91
427,Kasper,50,Kentucky,4,10,1,5
428,Roderigo,49,Louisiana,9,2,1,11
429,Betti,50,Georgia,2,8,3,16
430,Percival,27,Ohio,8,2,1,36
431,Wrennie,45,Kansas,2,2,3,36
432,Lynelle,29,California,2,2,5,76
433,Anatollo,63,Massachusetts,10,8,4,4
434,Winn,60,California,6,8,8,68
435,Laetitia,44,California,10,9,5,12
436,Malynda,42,Wisconsin,10,1,8,43
437,Ingeborg,31,Washington,10,10,9,49
438,Lianne,60,Ohio,1,8,3,93
439,Lindy,29,Missouri,7,3,5,84
440,Sandy,58,New York,8,5,7,78
441,Floris,48,Texas,4,4,8,91
442,Ursuline,29,Nevada,6,2,5,59
443,Hobie,49,Oklahoma,10,7,10,27
444,Rorie,26,District of Columbia,2,1,4,29
445,Krispin,29,Iowa,4,6,9,60
446,Udale,62,California,6,1,5,55
447,Homerus,39,Florida,9,5,10,83
448,Noelle,67,Texas,4,2,6,18
449,Gardner,47,Illinois,10,9,7,19
450,Kandace,49,Louisiana,4,10,2,74
451,Brenden,63,Illinois,10,9,6,47
452,Trixie,63,Florida,9,9,5,32
453,Sammie,62,Florida,3,6,3,31
454,Cherlyn,70,Ohio,1,3,3,44
455,Brigid,33,Massachusetts,10,7,5,37
456,Vonnie,52,North Carolina,9,2,8,67
457,Scotti,53,North Carolina,5,3,4,96
458,Allsun,37,Wisconsin,10,1,10,31
459,Helge,31,North Carolina,6,9,8,21
460,Demetra,67,Maryland,7,10,2,37
461,Clemente,36,Florida,6,6,6,8
462,Fredia,63,New York,4,3,5,30
463,Otha,44,Florida,6,6,2,14
464,Clark,69,Florida,9,7,5,78
465,Clive,41,California,4,9,10,32
466,Patsy,30,California,1,5,2,63
467,Leoline,53,Texas,3,5,8,45
468,Tracy,32,Indiana,3,5,1,26
469,Elladine,30,Delaware,4,4,2,54
470,Giraldo,35,Tennessee,8,8,8,54
471,Carmon,67,Indiana,5,4,8,28
472,Luci,36,Illinois,5,6,6,92
473,Hyacinth,42,Idaho,8,7,4,12
474,Harrison,59,South Dakota,7,4,10,3
475,Junia,40,Michigan,3,4,1,92
476,Etienne,25,Texas,1,10,2,76
477,Dorotea,61,Maryland,2,6,5,92
478,Linoel,39,District of Columbia,10,7,7,86
479,Guthry,51,Texas,9,4,8,90
480,Adda,29,Tennessee,5,6,1,97
481,Sigfried,47,Florida,6,2,10,22
482,Cassie,44,Michigan,7,3,1,78
483,Kameko,53,District of Columbia,9,5,3,32
484,Loydie,44,California,4,9,8,31
485,Kipp,66,California,6,6,6,60
486,Rochelle,32,Florida,1,3,10,25
487,Tedman,42,Iowa,9,1,7,70
488,Tawnya,37,Alabama,6,5,2,43
489,Constancia,25,District of Columbia,9,1,7,24
490,Sarene,61,Georgia,9,2,2,22
491,Franny,25,Michigan,6,8,5,27
492,Jocelin,37,Minnesota,9,7,1,63
493,Ambrose,48,Indiana,1,2,5,79
494,Claudette,56,California,5,10,1,65
495,Thea,38,California,8,10,7,53
496,Felita,64,District of Columbia,5,3,1,70
497,Jessy,37,Oklahoma,9,2,7,18
498,Pete,46,Florida,10,5,8,76
499,Steffi,63,Wisconsin,9,8,7,30
500,Madelyn,55,Kentucky,5,7,5,17
501,Rubia,39,Maryland,2,2,2,34
502,Karoly,70,Tennessee,3,5,10,35
503,Lizbeth,66,Missouri,1,8,1,15
504,Chryste,68,Texas,1,8,6,42
505,Stormy,31,Utah,2,7,1,34
506,Tina,62,California,7,5,8,69
507,Mylo,70,Texas,3,8,6,64
508,Karlee,48,Indiana,1,5,1,34
509,Lilith,36,California,8,10,8,88
510,Tallulah,53,Texas,3,6,2,43
511,Martie,55,North Carolina,3,4,5,30
512,Brendon,65,West Virginia,5,9,4,37
513,Ami,41,Pennsylvania,8,8,9,64
514,Gannie,46,Virginia,8,2,4,65
515,Read,42,Montana,6,2,7,33
516,Dalt,52,Pennsylvania,10,7,7,36
517,Cristi,54,New York,9,2,7,75
518,Adah,30,Virginia,1,9,8,24
519,Harriett,55,Florida,10,6,1,65
520,Bertrand,57,Ohio,2,2,4,9
521,Mozes,39,California,4,10,7,22
522,Griz,64,New Mexico,2,2,4,49
523,Carlin,56,Colorado,5,10,10,38
524,Sallie,61,California,10,6,5,80
525,Vernice,60,Pennsylvania,6,1,2,95
526,Eldon,58,Georgia,2,1,2,91
527,Monah,39,Arizona,7,6,4,66
528,Alysa,29,California,10,8,1,32
529,Ashton,47,Florida,6,10,10,75
530,Lanita,65,California,2,10,8,69
531,Jone,31,Louisiana,2,6,4,68
532,Christiano,52,California,8,7,7,12
533,Aurea,48,Illinois,1,10,2,93
534,Deny,48,Washington,5,3,6,77
535,Tony,39,Texas,1,6,6,5
536,Mead,53,New York,2,3,9,99
537,Johnathan,68,Indiana,5,3,10,42
538,Catherin,52,Rhode Island,5,3,1,57
539,Ewell,68,Texas,10,6,5,47
540,Abramo,45,West Virginia,8,5,8,76
541,Baillie,42,Texas,2,3,9,36
542,Frederic,53,Nevada,2,4,7,29
543,Marty,58,Nebraska,3,5,2,66
544,Pet,52,Texas,6,7,1,46
545,Guinna,27,Pennsylvania,10,10,7,34
546,Gasparo,56,Ohio,5,5,5,68
547,Darill,28,Minnesota,1,6,3,51
548,Jase,34,Texas,2,9,10,27
549,Faun,52,California,4,10,2,69
550,Gus,29,Washington,1,3,5,57
551,Leonerd,28,Florida,6,1,2,90
552,Aile,63,Washington,8,9,2,11
553,Godard,63,California,8,4,10,70
554,Garv,56,Minnesota,3,8,9,36
555,Claudianus,70,Ohio,4,1,5,18
556,Mercy,66,New York,10,2,7,81
557,Siward,65,Tennessee,3,6,3,89
558,Colet,52,Illinois,8,3,4,86
559,Dacia,41,Tennessee,9,6,7,65
560,Stearn,47,New Jersey,3,3,1,100
561,Ronni,50,Texas,1,1,3,68
562,Ferdinand,37,Utah,8,8,3,62
563,Gothart,63,Colorado,6,1,5,38
564,Elisabetta,35,Minnesota,7,5,3,2
565,Roddie,56,Maryland,6,4,1,62
566,Harley,41,Hawaii,4,7,7,9
567,Jamie,55,Oklahoma,5,4,4,60
568,Derwin,25,Washington,8,4,2,42
569,Wilek,56,Florida,8,8,8,86
570,Danyelle,32,Pennsylvania,4,10,6,3
571,Phedra,63,Texas,2,2,6,88
572,Hurlee,40,District of Columbia,5,5,8,35
573,Allianora,39,Florida,4,3,8,60
574,Marybelle,63,North Carolina,1,2,3,94
575,Liam,61,Texas,5,4,8,74
576,Rayshell,34,Florida,8,8,1,25
577,Herta,36,Colorado,8,10,3,34
578,Carlin,26,Georgia,9,6,10,66
579,Greg,29,Maryland,8,8,6,59
580,Kerri,38,Texas,8,1,3,66
581,Berkie,38,Iowa,4,10,5,80
582,Malachi,48,Missouri,2,8,4,64
583,Clarette,52,Florida,1,5,1,35
584,Dru,53,Texas,8,3,1,97
585,Viviene,55,North Carolina,9,8,10,89
586,Early,34,District of Columbia,9,3,2,38
587,Amabel,41,Kansas,1,3,3,83
588,Marget,61,California,6,8,7,80
589,Ruby,33,California,2,5,7,39
590,Belinda,58,Colorado,9,10,10,74
591,Oren,70,Minnesota,7,4,8,10
592,Viva,52,Texas,1,4,9,13
593,Jilleen,48,Iowa,4,9,2,37
594,Blithe,58,Nebraska,2,8,2,77
595,Rochester,38,New Jersey,5,6,2,8
596,Jermaine,55,Maryland,9,2,10,35
597,Deva,55,Pennsylvania,8,5,1,25
598,Dee,67,Texas,3,7,9,27
599,Frederick,64,Texas,5,10,3,18
600,Wenda,62,West Virginia,7,9,8,58
601,Pegeen,42,Michigan,9,4,10,3
602,Steffen,54,Connecticut,6,3,5,26
603,Nicholle,52,Ohio,10,1,4,84
604,Garnet,38,Louisiana,5,3,6,10
605,Dionisio,38,New Mexico,3,7,4,29
606,Adan,44,Arizona,8,6,5,47
607,Estell,34,Illinois,7,10,2,49
608,Issi,54,California,3,7,1,38
609,Katherina,33,New York,10,9,5,15
610,Bradley,54,Arizona,5,7,10,55
611,Gib,37,Oklahoma,7,9,10,78
612,Far,30,New York,8,1,10,15
613,Storm,66,Texas,6,10,8,2
614,Violetta,44,Pennsylvania,9,10,7,47
615,Windham,38,Missouri,3,3,10,86
616,Olivette,35,Washington,7,5,5,36
617,Iris,32,Texas,10,3,2,89
618,Fritz,44,Florida,1,3,6,2
619,Kilian,44,Texas,3,4,1,37
620,Perla,60,New York,2,7,5,89
621,Marena,57,Texas,5,8,9,80
622,Celestyn,68,New York,7,6,4,18
623,Agace,69,New York,5,8,2,79
624,Marsh,61,Florida,7,10,4,44
625,Woodman,64,Texas,8,10,8,35
626,Coletta,41,District of Columbia,1,5,4,57
627,Merill,52,Wisconsin,4,7,3,56
628,Jonathan,27,Indiana,6,10,1,34
629,Linn,51,District of Columbia,6,6,9,49
630,Barbabas,41,Texas,4,5,3,95
631,Missie,58,Nevada,4,2,5,30
632,Chevy,53,California,2,7,8,39
633,Cariotta,28,Minnesota,4,4,5,27
634,Esmeralda,39,Texas,5,10,7,100
635,Kile,51,Texas,2,3,4,21
636,Moll,37,Ohio,8,6,7,100
637,Flin,42,Texas,8,8,3,97
638,Joby,53,Minnesota,5,10,1,88
639,Howey,49,California,5,9,3,24
640,Julie,41,Texas,2,5,8,28
641,Waldemar,34,Minnesota,9,2,1,57
642,Lemmie,57,Louisiana,9,4,1,63
643,Tessa,45,North Carolina,10,1,8,4
644,Victoir,66,Connecticut,8,9,8,63
645,Eileen,54,Florida,2,3,8,25
646,Tanner,25,Ohio,2,6,3,45
647,Bobette,32,Texas,7,1,1,31
648,Brinna,47,Oregon,5,8,9,42
649,Stefano,49,Florida,4,2,6,30
650,Dominik,54,California,6,5,10,86
651,Saloma,53,Connecticut,2,1,8,27
652,Jessie,38,Georgia,8,6,1,50
653,Dee dee,45,Arizona,5,3,6,84
654,Tiebout,28,Massachusetts,9,7,4,29
655,Piper,56,Illinois,7,6,5,99
656,Burr,67,Illinois,5,10,2,55
657,Shel,70,California,9,5,1,73
658,Eloisa,54,Nevada,7,9,8,34
659,Horst,41,Michigan,5,9,8,2
660,Lorens,70,Florida,4,8,6,24
661,Irvine,52,Ohio,2,7,7,5
662,Jonah,57,South Carolina,2,3,2,19
663,Karlik,66,Missouri,9,9,4,71
664,Amabel,52,New York,2,5,8,53
665,Mattheus,66,Minnesota,4,4,8,38
666,Karole,28,Iowa,4,10,5,63
667,Nicky,41,Arizona,10,2,1,32
668,Mozes,36,California,10,7,2,24
669,Abraham,30,Utah,8,6,1,67
670,Kristopher,66,Florida,9,1,8,28
671,Jessy,47,New York,8,10,10,48
672,Jamie,46,Montana,9,3,3,10
673,Ginni,51,Pennsylvania,10,4,7,62
674,Wallie,40,California,7,1,6,93
675,Chrissie,58,Tennessee,7,7,4,19
676,Luz,55,Virginia,3,4,5,29
677,Pincus,61,Georgia,1,7,2,17
678,Darryl,57,California,5,4,2,18
679,Mathilda,37,Michigan,7,10,4,78
680,Johnathan,33,New Jersey,2,5,8,27
681,Iggie,68,Kansas,6,5,10,36
682,Farleigh,56,New York,6,10,6,77
683,Sumner,54,Nebraska,1,4,3,51
684,Jennifer,33,Oklahoma,9,3,10,73
685,Brooke,26,Colorado,9,8,8,21
686,Rona,53,Missouri,4,1,1,24
687,Nessy,65,Texas,7,10,8,52
688,Glen,64,Georgia,7,4,8,3
689,Serena,59,Florida,5,8,1,41
690,Constantine,47,Florida,8,7,7,55
691,Vinny,35,District of Columbia,10,4,8,76
692,Monique,63,Texas,7,7,10,56
693,Joey,70,Texas,6,2,1,71
694,Leroy,65,Minnesota,3,5,4,22
695,Dennis,33,California,10,2,9,79
696,Barbabas,25,Ohio,10,10,9,86
697,Martita,40,New Mexico,10,3,10,98
698,Gleda,53,California,2,8,1,33
699,Dallas,64,New York,1,2,10,15
700,Wyatan,54,Kansas,8,10,2,12
701,Elijah,64,Florida,4,1,6,72
702,Gibby,32,Oklahoma,7,3,7,37
703,Meridel,32,Florida,7,9,10,53
704,Melany,35,Vermont,4,10,4,88
705,Nolan,59,Pennsylvania,9,3,2,74
706,Sherwin,42,Texas,6,2,1,14
707,Danny,35,Connecticut,10,10,2,92
708,Neron,66,South Carolina,3,2,10,54
709,Melitta,61,Virginia,1,10,2,84
710,Kip,67,Virginia,6,5,6,41
711,Aubry,49,Connecticut,8,1,7,6
712,Whitney,59,Georgia,1,8,5,36
713,Thalia,69,Ohio,6,3,5,26
714,Korry,32,Montana,5,7,10,46
715,Britni,66,Texas,3,4,6,59
716,Merrill,59,Indiana,6,3,2,8
717,Cecelia,63,Florida,9,5,2,88
718,Rochell,67,Virginia,9,3,8,45
719,Paula,38,New York,5,5,8,17
720,Corey,55,Virginia,1,8,8,48
721,Lenee,29,Georgia,9,4,3,36
722,Cecilius,51,Florida,6,1,9,90
723,Eugene,42,Florida,9,8,10,98
724,Karita,36,New York,6,9,9,87
725,Joana,61,Louisiana,6,5,6,12
726,Hew,31,South Carolina,10,8,1,8
727,Gisela,70,California,5,5,1,43
728,Pancho,37,California,4,6,5,16
729,Costanza,40,North Carolina,1,1,10,37
730,Shannen,62,North Dakota,4,1,10,63
731,Sharona,67,Texas,7,1,9,30
732,Nada,63,Florida,6,9,5,82
733,Melania,32,Florida,6,7,8,59
734,Colver,65,Florida,1,7,6,34
735,Parker,56,New York,9,1,6,68
736,Giuditta,57,California,2,1,2,81
737,Kriste,56,Florida,6,7,7,60
738,Cortney,53,Virginia,1,5,4,45
739,Meggy,43,Tennessee,1,3,5,73
740,Jewel,66,Texas,1,9,3,81
741,Guendolen,68,Alabama,10,6,10,68
742,Humfrid,65,California,8,9,9,93
743,Marsha,62,Oklahoma,2,4,2,56
744,Barbara,38,Washington,3,4,4,45
745,Wain,53,Utah,6,7,7,90
746,Henrieta,36,Virginia,1,8,10,80
747,Molly,33,Texas,6,4,7,56
748,Renata,37,Washington,3,5,6,95
749,Holmes,26,Florida,3,3,9,60
750,Stormy,46,New Mexico,5,1,2,70
751,Evangeline,38,Tennessee,5,7,7,97
752,Iris,56,Texas,9,1,5,72
753,Shayne,27,Florida,8,9,8,32
754,Adamo,55,Illinois,4,6,6,91
755,Berta,34,Ohio,8,7,1,70
756,Tory,54,Texas,6,3,4,79
757,Caspar,54,North Carolina,3,3,4,80
758,Trix,41,Arizona,1,6,6,78
759,Kienan,33,Ohio,10,1,1,98
760,Jannelle,35,Virginia,6,10,10,10
761,Lavinia,26,Colorado,1,2,5,24
762,Bernette,26,Pennsylvania,4,4,8,65
763,Allard,52,Texas,4,9,7,32
764,Casie,35,Pennsylvania,6,5,9,39
765,Carmelita,36,California,2,5,4,17
766,Mandi,44,Louisiana,3,4,7,61
767,Neron,58,Florida,9,10,1,48
768,Marlyn,40,Missouri,6,2,7,98
769,Caroline,39,Alaska,8,5,3,72
770,Barnett,61,Ohio,4,1,10,48
771,Hobard,42,Oklahoma,1,6,5,53
772,Alene,28,California,2,1,9,39
773,Conny,27,Texas,6,7,6,32
774,Sydney,51,California,1,1,8,77
775,Clay,32,Texas,4,9,10,3
776,Jorrie,61,Colorado,8,7,10,59
777,Andonis,38,Texas,4,3,6,44
778,Gustave,28,District of Columbia,6,6,4,67
779,Marta,27,Michigan,10,1,7,64
780,Barret,30,Texas,2,10,6,33
781,Rhonda,70,Texas,1,1,4,13
782,Lisabeth,64,California,2,7,9,12
783,Janka,65,California,9,6,1,91
784,Myrwyn,60,Texas,2,8,6,67
785,Electra,25,Tennessee,3,4,2,91
786,Harriott,63,New Jersey,5,3,1,14
787,Karalynn,55,Vermont,3,4,1,15
788,Olympia,65,District of Columbia,6,7,10,41
789,Caralie,31,Georgia,1,3,7,77
790,Noell,41,California,4,1,10,78
791,Brook,29,Texas,3,1,7,10
792,Barb,65,Wisconsin,10,7,7,27
793,Bamby,25,Michigan,4,10,3,66
794,Milissent,30,California,4,8,6,3
795,Stormi,36,New York,8,6,7,32
796,Annabella,61,Ohio,9,10,2,63
797,Hayley,29,Oregon,9,8,7,77
798,Lorianne,56,Oklahoma,2,2,8,31
799,Beverlee,51,Colorado,8,6,3,94
800,Gale,66,Illinois,8,1,9,8
801,Robert,61,Tennessee,1,3,9,35
802,Vivie,42,Texas,9,8,6,88
803,Pail,64,New York,6,4,3,82
804,Abe,63,Alabama,3,1,5,2
805,Gibby,68,Pennsylvania,3,8,10,55
806,Kissie,65,Washington,3,5,10,70
807,Kristel,61,North Carolina,4,2,5,12
808,Lola,52,Florida,1,6,8,47
809,Midge,28,Georgia,7,6,1,56
810,Nert,42,District of Columbia,7,8,1,25
811,Niel,48,Washington,5,3,3,60
812,Sofie,70,Tennessee,1,10,1,86
813,Isabelita,47,Ohio,6,2,5,42
814,Callida,41,Alabama,3,4,1,95
815,Syman,34,California,6,4,2,66
816,Arabela,35,Texas,9,8,5,34
817,Lesly,58,California,9,1,8,65
818,Quillan,51,Georgia,9,8,5,92
819,Briana,47,Texas,5,1,5,70
820,Waylan,58,New Mexico,9,8,3,44
821,Anselm,66,Wisconsin,8,7,5,94
822,Filippa,29,California,6,10,7,12
823,Ashbey,29,Ohio,4,10,5,7
824,Nona,29,Kansas,7,5,3,53
825,Anetta,49,Kentucky,7,1,10,11
826,Locke,38,New York,7,7,4,20
827,Piper,50,Minnesota,4,6,4,95
828,Dehlia,40,Florida,10,9,9,17
829,Dallis,68,Texas,4,4,2,19
830,Maribelle,28,Ohio,5,7,10,53
831,Chaddie,46,California,5,9,9,8
832,Mahmud,67,Illinois,4,7,8,81
833,Carmelia,62,Pennsylvania,1,5,9,84
834,Iona,70,Tennessee,6,1,7,57
835,Andrey,47,Missouri,2,1,1,61
836,Hyacinthia,49,Texas,1,9,9,32
837,Randene,65,South Carolina,6,1,5,1
838,Guinna,68,Virginia,4,8,6,3
839,Shurlock,48,Alabama,6,7,10,47
840,Zaneta,30,Alabama,6,4,10,58
841,Wainwright,38,Nevada,7,10,8,17
842,Stacee,36,Florida,1,5,7,27
843,Carol,55,Ohio,4,1,7,64
844,Abra,41,Indiana,6,7,1,21
845,Moe,34,California,6,3,1,8
846,Johnnie,53,Florida,6,3,4,81
847,Joya,62,Minnesota,9,9,6,80
848,Gelya,26,Louisiana,8,6,9,13
849,Freddy,58,North Carolina,8,9,2,55
850,Devlen,58,Utah,3,9,5,38
851,Dominique,51,New Mexico,10,1,4,34
852,Marji,34,Massachusetts,2,7,1,45
853,Halley,29,Wisconsin,1,8,5,94
854,Druci,53,California,1,5,9,96
855,Candide,33,California,6,7,9,19
856,Aime,69,Oklahoma,3,5,9,35
857,Kenyon,52,California,2,2,10,61
858,Horton,36,Ohio,10,3,5,91
859,Selene,58,District of Columbia,6,7,10,19
860,Veradis,61,Kentucky,4,1,10,19
861,Cathrine,62,Kansas,9,3,10,78
862,Celene,67,Florida,10,3,7,16
863,Sampson,53,Wisconsin,2,10,7,100
864,Rudiger,42,Oregon,7,4,9,95
865,Eugine,26,New Jersey,9,9,3,61
866,Kin,37,Louisiana,6,8,9,98
867,Monique,46,South Carolina,2,9,3,36
868,Bathsheba,32,North Carolina,3,3,10,71
869,Alisha,44,Michigan,8,10,2,48
870,Candie,55,Florida,9,7,2,62
871,Enos,33,North Carolina,1,5,8,79
872,Annadiana,53,Texas,5,1,9,44
873,Prinz,28,Kansas,10,3,10,53
874,Donalt,57,Louisiana,6,3,1,87
875,Susie,29,Texas,2,9,10,66
876,Rebekah,46,Missouri,7,4,10,63
877,Neron,54,Michigan,5,1,8,17
878,Quentin,50,Maine,4,5,2,12
879,Violetta,48,New York,4,8,10,9
880,Amara,40,Pennsylvania,10,8,4,79
881,Julianna,60,Delaware,1,7,1,57
882,Rene,28,North Carolina,3,9,5,4
883,Marshal,33,Texas,7,10,10,60
884,Cairistiona,40,New York,5,4,6,28
885,Meredith,43,Connecticut,1,8,9,71
886,Nowell,61,Ohio,4,7,9,85
887,Ara,64,Minnesota,9,6,6,81
888,Tyler,70,Alabama,4,3,10,27
889,Pierre,31,Missouri,2,2,6,58
890,Sileas,40,Indiana,7,10,10,80
891,Ripley,64,Arizona,2,9,2,87
892,Iormina,55,North Carolina,9,2,6,73
893,Veronika,30,Florida,3,5,10,63
894,Claribel,36,Texas,6,2,10,21
895,Thorsten,44,Florida,6,3,5,83
896,Mayor,51,Alabama,2,4,9,99
897,Phillida,47,Florida,2,6,3,22
898,Davina,54,California,5,2,9,61
899,Amandi,34,West Virginia,8,5,7,62
900,Vikky,55,North Carolina,4,5,3,39
901,Fulton,48,Oklahoma,8,8,2,29
902,Pincus,68,California,1,4,10,81
903,Chevalier,36,New York,8,1,4,70
904,Estrellita,27,Wisconsin,7,8,1,5
905,Hadria,47,Kentucky,7,6,1,76
906,Rubia,65,Texas,10,8,9,21
907,Roxi,57,Florida,8,3,3,82
908,Harcourt,40,Georgia,8,3,4,93
909,Ronica,54,Oregon,9,10,4,48
910,Jeri,27,Virginia,1,8,4,64
911,Chaim,46,California,3,1,10,92
912,Remington,25,Colorado,9,2,3,84
913,Jenine,52,Louisiana,10,1,9,68
914,Gearalt,66,Georgia,2,1,5,14
915,Zach,66,Texas,4,1,7,43
916,Silvain,64,Kansas,6,6,1,13
917,Cacilie,45,Hawaii,4,2,10,97
918,Josephine,38,New Jersey,1,2,4,33
919,Cordelia,50,Pennsylvania,9,3,2,98
920,Bing,58,Pennsylvania,9,3,3,97
921,Klarika,52,Alabama,5,2,9,29
922,Conney,64,Indiana,5,3,7,32
923,Maurizio,51,Alabama,9,8,5,20
924,Sheree,51,Ohio,2,1,9,85
925,Arie,56,Oregon,6,2,2,97
926,Antonetta,40,New York,2,9,6,58
927,Giselle,49,Utah,10,8,7,76
928,Tadeas,48,Texas,5,6,3,18
929,Stanislas,48,Maryland,5,6,4,37
930,Rufe,40,Pennsylvania,8,3,7,98
931,Constantin,45,Texas,10,3,6,91
932,Lars,65,Georgia,8,3,6,21
933,Bart,54,Florida,2,1,6,93
934,Kay,65,Colorado,1,2,7,27
935,Ginnie,53,Iowa,1,9,8,49
936,Ariadne,41,New York,10,3,5,89
937,Cara,46,Iowa,8,1,3,46
938,Halsy,64,Arizona,6,2,6,66
939,Mercy,25,Michigan,10,1,3,1
940,Charyl,30,Texas,4,9,8,86
941,Ambrosio,39,Connecticut,10,6,5,74
942,Ola,37,California,4,6,3,39
943,Agna,70,Texas,10,2,4,58
944,Derk,61,Colorado,10,10,10,48
945,Bank,50,Utah,6,6,2,97
946,Son,57,Oregon,7,5,7,59
947,Jessie,47,Texas,1,2,2,73
948,Ianthe,63,Kentucky,1,5,3,92
949,Ingar,55,Alabama,8,8,7,28
950,Rupert,34,District of Columbia,10,9,9,15
951,Wiatt,36,Texas,1,7,1,54
952,Tyler,60,Tennessee,4,7,2,56
953,Tobit,34,Tennessee,9,1,10,35
954,Coleman,42,Illinois,7,4,4,37
955,Lavinie,49,Virginia,5,5,3,58
956,Liza,26,Minnesota,9,7,3,91
957,Priscella,58,Texas,3,1,9,4
958,Leyla,37,New York,5,7,1,5
959,Dunn,55,California,10,10,7,96
960,Natassia,49,Tennessee,6,5,5,21
961,Donella,66,Ohio,4,3,6,37
962,Josiah,52,Alabama,3,5,10,26
963,Massimiliano,53,Nevada,5,8,2,97
964,Katya,27,Nebraska,10,10,7,43
965,Jacky,27,Indiana,6,7,2,70
966,Iolanthe,33,Wisconsin,3,10,5,21
967,Dame,57,District of Columbia,8,1,1,61
968,Donall,32,Indiana,9,5,7,33
969,Jessie,51,New York,1,9,10,22
970,Wenda,53,Colorado,9,10,6,46
971,Ulrike,45,District of Columbia,3,4,7,7
972,Dacie,58,Alabama,10,4,2,23
973,Vickie,34,New Jersey,9,6,6,79
974,Corbet,47,Rhode Island,1,10,10,87
975,Dmitri,58,Oregon,1,6,6,4
976,Curt,38,Louisiana,10,5,6,9
977,Bunnie,52,New York,5,8,2,28
978,Jaclin,25,Texas,5,6,10,74
979,Katusha,53,South Carolina,2,9,5,79
980,Kelley,61,Kansas,2,10,7,82
981,Brocky,38,Florida,3,10,1,99
982,Gipsy,56,Arizona,7,9,10,65
983,Hollyanne,54,Michigan,2,2,1,35
984,Philbert,64,Virginia,2,8,1,4
985,Gaelan,64,Indiana,8,9,5,19
986,Bone,68,Georgia,4,2,10,39
987,Laurice,45,Nevada,2,1,2,47
988,Suzette,63,South Carolina,5,10,2,1
989,Marwin,37,Florida,5,10,5,48
990,Gabriello,39,Kentucky,7,6,4,80
991,Mill,42,Arkansas,2,2,8,78
992,Deonne,62,Massachusetts,3,4,6,67
993,Tootsie,30,Texas,9,10,2,81
994,Beverlee,65,Maryland,6,2,10,35
995,Letty,69,California,7,7,2,31
996,Scarface,32,West Virginia,9,3,6,74
997,Onfre,34,Florida,9,8,7,77
998,Clarabelle,69,District of Columbia,7,1,7,21
999,Brynna,34,Michigan,6,7,5,18
1000,Paule,41,California,4,3,5,40
